-- INSERT VALUES VadidaS

--MsStaff
INSERT INTO MsStaff VALUES 
  ('ST001', 'John Leonardo', 'Male', 'johnleo@gmail.com', '123 Main St', 260000),
  ('ST002', 'Jayden Smith', 'Male', 'jaydensmith@gmail.com', '456 Elm St', 375000),
  ('ST003', 'Michael Johnson', 'Male', 'michaeljohnson@gmail.com', '789 Oak St', 175000),
  ('ST004', 'Anthony Davis', 'Male', 'anthonydavis@gmail.com', '321 Pine St', 140000),
  ('ST005', 'David Curry', 'Male', 'davidcurry@gmail.com', '567 Maple Ave', 280000),
  ('ST006', 'Kanroji Mitsuri', 'Female', 'kanrojimitsuri@gmail.com', '890 Cedar Rd', 125000),
  ('ST007', 'Jaylen Brown', 'Male', 'jaylenbrownn@gmail.com', '432 Birch Ln', 225000),
  ('ST008', 'Tomioka Giyuu', 'Male', 'topiokagiyu@gmail.com', '765 Spruce Dr', 130000),
  ('ST009', 'Shoto Todoroki', 'Male', 'christopherclark@gmail.com', '987 Willow Blvd', 320000),
  ('ST010', 'Sakura Haruno', 'Female', 'sakuraharuno@gmail.com', '654 Rose Ct', 145000),
  ('ST011', 'Shaqiel Oniel', 'Male', 'bigshaqq@gmail.com', '321 Lily St', 155000),
  ('ST012', 'Kibutsuji Muzan', 'Female', 'muzanchan@gmail.com', '789 Sunflower Ave', 400000),
  ('ST013', 'Bellingham Sweet', 'Male', 'belsweet1@gmail.com', '382 Grape td', 250000),
  ('ST014', 'Eren Yeager' , 'Male' , 'erenrumbling@gmail.com' , '21 Popquen gf', 200000),
  ('ST015', 'Shinobu Kocho', 'Female' , 'shinobukocho@gmail.com' , '311 Hero bk', 120000);
  

  --MsShoe
INSERT INTO MsShoe VALUES
  ('SH001', 'Classic Black LeBron', 320000, 'Stylish black pumps with a classic design, perfect for any occasion'),
  ('SH002', 'Casual White Sneakers', 400000, 'Comfortable white sneakers with a casual and versatile style'),
  ('SH003', 'Elegant Red Heels', 60000, 'Beautiful red heels with an elegant and sophisticated look'),
  ('SH004', 'Sporty Running Shoes', 200000, 'High-performance running shoes designed for sports enthusiasts'),
  ('SH005', 'Stylish Ankle Boots', 140000, 'Trendy ankle boots with a stylish design, perfect for the fall season'),
  ('SH006', 'Classic Brown Loafers', 110000, 'Timeless brown loafers, ideal for a smart-casual look'),
  ('SH007', 'Chic High-Heeled Sandals', 130000 , 'Fashionable high-heeled sandals, suitable for formal events'),
  ('SH008', 'Comfy Slip-On Shoes', 90000 , 'Easy-to-wear slip-on shoes with a comfortable fit for everyday use'),
  ('SH009', 'Trendy Platform Sneakers', 120000 , 'Stylish platform sneakers that add height and a fashionable touch'),
  ('SH010', 'Athletic Training Shoes', 150000 , 'High-quality athletic shoes designed for intense training sessions'),
  ('SH011', 'Azawear Crown', 100000, 'Timeless azawear that combine comfort and elegance'),
  ('SH012', 'Casual Canvas Slip-Ons', 70000, 'Lightweight canvas slip-on shoes perfect for a laid-back style'),
  ('SH013', 'Adidas Pro Kobe 5' , 450000 , 'Good and clean for basketball'),
  ('SH014', 'Vadidas Combat 2' , 150000 , 'Best For Running and have 4 Colorway'),
  ('SH015', 'Vadidas TY 1', 120000 , 'Cool shoes with good Traction');


  --MsCustomer
INSERT INTO MsCustomer VALUES
  ('CU001', 'Robert William', 'Male', '1985-03-15', '123 Main Street, Cityville', 'robertwills@gmail.com'),
  ('CU002', 'Klay Thompson', 'Female', '1990-08-21', '456 Elm Street, Townsville', 'klaythompson@gmail.com'),
  ('CU003', 'Christopher Devin', 'Male', '1988-12-10', '789 Oak Avenue, Villageland', 'chrisdev01@gmail.com'),
  ('CU004', 'Sophia Princess', 'Female', '1995-06-05', '321 Pine Lane, Hamletown', 'sophiaprincess@gmail.com'),
  ('CU005', 'James Harden', 'Male', '1983-11-25', '654 Maple Road Borogvile', 'jamesharden1@gmail.com'),
  ('CU006', 'Olivia Rodrigo', 'Female', '1992-02-18', '987 Cedar Street vv', 'olivgro@gmail.com'),
  ('CU007', 'Kevin Smith', 'Male', '1987-09-08', '135 Oakwood Drive, Citytown', 'kevinsmithhh@gmail.com'),
  ('CU008', 'Jamar Johnson', 'Female', '1993-04-12', '864 Elmwood Avenue, Townberg', 'jjamarjjohn@gmail.com'),
  ('CU009', 'Michael Jordan', 'Male', '1989-07-29', '753 Pinecrest Road, Hamletville', 'michaeljordan@gmail.com'),
  ('CU010', 'Sarah Viloid', 'Female', '1993-02-14', '852 Ash St', 'sarahviloid@gmail.com'),
  ('CU011', 'Daniel Mcculung', 'Male', '1991-05-20', '753 Elm St', 'daninelmcculung@gmail.com'),
  ('CU012', 'Jessica Thania', 'Female', '1984-09-03', '963 PIK St', 'jessythan@gmail.com'),
  ('CU013', 'Brandon Clark', 'Male', '1988-03-12', '741 Central CP', 'brandonclark@gmail.com'),
  ('CU014', 'Emily Willis', 'Female', '1996-07-02', '258 Cedar St', 'emilywillis@gmail.com'),
  ('CU015', 'Komaboko Gonpachiro', 'Male', '1983-11-28', '369 Birch St', 'komgonchiro@gmail.com');


  --MsVendor
INSERT INTO MsVendor VALUES
  ('VE001','Jaya Abadi Shoes', '103 Sudirman cj', 'jayaabadishoes@gmail.com', '08551294067') , 
  ('VE002','Foot Wear', '436 Thamrin Cj', 'footindowear@gmail.com', '08559376543') , 
  ('VE003','Pelita Shoes', 'Gatot Subtronto 382 Sj', 'pelitashoes@gmail.com', '08552468135') , 
  ('VE004','Foot Locker','351 Kuningan Sj','footlocker@gmail.com','08557418520') , 
  ('VE005','Jaya Sneaker','967 Senayan Sj', 'jayarubber@gmail.com', '08568529631') , 
  ('VE006','Sneaker da Head', '32 Kemang Raya Sj', 'sneakerdahead@gmail.com', '08551593574') , 
  ('VE007','Hoops Station', '189 Mangga Raya nj', 'hoopstation@gmail.com', '085557539514') , 
  ('VE008','Sinar Sepatu', '391 Kelapa Gading Sj', 'sinarsepatu@gmail.com', '085554681357') , 
  ('VE009','Foot Things', '907 Pluit Raya Sj', 'footthings@gmail.com', '08553572468') , 
  ('VE010','About Kicks', '396 Hayam Wuruk WJ', 'aboutkicks@gmail.com', '0855-9517530') , 
  ('VE011','Sumber Kicks', '183 Slipi jaya WJ', 'sumberkicks@gmail.com', '08455357852') , 
  ('VE012','Alam Sneakers', '779 Puri Indah Wj', 'alamsneakers@gmail.com', '08559513574') , 
  ('VE013','Ez Skin Wear', '366 Fatmawati WJ', 'ezskinwear@gmail.com', '08550613544') , 
  ('VE014','Permata Foot', '351 Rasuna Said WJ', 'permatafoot@gmail.com', '08599513874') , 
  ('VE015','Abadi Wear', '947 Menteng Raya CJ', 'abadiwear@gmail.com', '08050513504');

  
--TransactionHeader
INSERT INTO TransactionHeader VALUES
  ('TR001', 'ST005', 'CU011', '2020-05-15'),
  ('TR002', 'ST012', 'CU006', '2021-09-22'),
  ('TR003', 'ST007', 'CU015', '2022-02-08'),
  ('TR004', 'ST009', 'CU010', '2021-12-01'),
  ('TR005', 'ST003', 'CU008', '2020-08-20'),
  ('TR006', 'ST011', 'CU013', '2023-03-12'),
  ('TR007', 'ST004', 'CU014', '2020-07-05'),
  ('TR008', 'ST002', 'CU009', '2022-10-18'),
  ('TR009', 'ST010', 'CU004', '2021-06-30'),
  ('TR010', 'ST006', 'CU012', '2023-01-25'),
  ('TR011', 'ST015', 'CU007', '2020-11-10'),
  ('TR012', 'ST001', 'CU003', '2022-04-03'),
  ('TR013', 'ST008', 'CU002', '2023-08-17'),
  ('TR014', 'ST014', 'CU001', '2021-03-28'),
  ('TR015', 'ST013', 'CU005', '2020-09-08'),
  ('TR016', 'ST006', 'CU012', '2021-05-19'),
  ('TR017', 'ST005', 'CU010', '2022-11-06'),
  ('TR018', 'ST002', 'CU013', '2020-12-24'),
  ('TR019', 'ST004', 'CU015', '2022-07-09'),
  ('TR020', 'ST009', 'CU011', '2023-02-14');


--TransactionDetail
INSERT INTO TransactionDetail VALUES
  ('TR001', 'SH002', 3),
  ('TR002', 'SH004', 2),
  ('TR002', 'SH014', 4),
  ('TR003', 'SH001', 2),
  ('TR004', 'SH008', 2),
  ('TR004', 'SH003', 1),
  ('TR005', 'SH005', 2),
  ('TR006', 'SH012', 1),
  ('TR006', 'SH007', 3),
  ('TR007', 'SH009', 7),
  ('TR008', 'SH001', 4),
  ('TR009', 'SH003', 2),
  ('TR009', 'SH013', 1),
  ('TR010', 'SH005', 5),
  ('TR010', 'SH015', 2),
  ('TR010', 'SH010', 3),
  ('TR011', 'SH007', 2),
  ('TR011', 'SH014', 2),
  ('TR012', 'SH009', 3),
  ('TR013', 'SH011', 1),
  ('TR014', 'SH013', 2),
  ('TR015', 'SH015', 1),
  ('TR016', 'SH002', 2),
  ('TR016', 'SH006', 1),
  ('TR017', 'SH004', 4),
  ('TR018', 'SH006', 2),
  ('TR018', 'SH012', 2),
  ('TR019', 'SH008', 3),
  ('TR020', 'SH010', 4),
  ('TR020', 'SH011', 2);
  

--PurchaseHeader
INSERT INTO PurchaseHeader VALUES
('PU001', 'VE008', 'ST010', '2021-07-15'),
('PU002', 'VE005', 'ST015', '2022-11-22'),
('PU003', 'VE012', 'ST002', '2020-10-08'),
('PU004', 'VE011', 'ST013', '2022-02-01'),
('PU005', 'VE009', 'ST006', '2023-04-05'),
('PU006', 'VE006', 'ST007', '2021-05-12'),
('PU007', 'VE003', 'ST014', '2023-02-27'),
('PU008', 'VE010', 'ST004', '2020-09-18'),
('PU009', 'VE014', 'ST012', '2022-06-30'),
('PU010', 'VE001', 'ST009', '2021-12-25'),
('PU011', 'VE007', 'ST005', '2020-08-10'),
('PU012', 'VE004', 'ST011', '2023-01-03'),
('PU013', 'VE015', 'ST003', '2022-04-17'),
('PU014', 'VE013', 'ST001', '2021-03-28'),
('PU015', 'VE002', 'ST008', '2020-11-15'),
('PU016', 'VE010', 'ST015', '2022-07-19'),
('PU017', 'VE006', 'ST002', '2023-05-06'),
('PU018', 'VE011', 'ST012', '2020-12-24'),
('PU019', 'VE008', 'ST007', '2021-09-09'),
('PU020', 'VE003', 'ST004', '2022-02-14');


--PurchaseDetail
INSERT INTO PurchaseDetail VALUES
  ('PU001', 'SH002', 3),
  ('PU001', 'SH011', 3),
  ('PU002', 'SH004', 5),
  ('PU002', 'SH013', 15),
  ('PU002', 'SH003', 8),
  ('PU003', 'SH006', 10),
  ('PU003', 'SH001', 25),
  ('PU004', 'SH008', 5),
  ('PU005', 'SH010', 20),
  ('PU006', 'SH012', 15),
  ('PU007', 'SH014', 12),
  ('PU008', 'SH001', 10),
  ('PU009', 'SH003', 24),
  ('PU010', 'SH005', 5),
  ('PU010', 'SH005', 7),
  ('PU010', 'SH007', 3),
  ('PU011', 'SH007', 2),
  ('PU012', 'SH009', 5),
  ('PU012', 'SH009', 9),
  ('PU013', 'SH011', 15),
  ('PU014', 'SH013', 2),
  ('PU015', 'SH015', 12),
  ('PU016', 'SH002', 20),
  ('PU017', 'SH004', 1),
  ('PU017', 'SH012', 22),
  ('PU018', 'SH006', 2),
  ('PU019', 'SH008', 3),
  ('PU019', 'SH014', 5),
  ('PU020', 'SH010', 4),
  ('PU020', 'SH015', 24);
  